{
    "shape09135_rank02_52.png": {
        "K": [
            274.49688720703125,
            0.0,
            128.0,
            0.0,
            0.0,
            274.49688720703125,
            128.0,
            0.0,
            0.0,
            0.0,
            1.0,
            0.0,
            0.0,
            0.0,
            0.0,
            1.0
        ],
        "W2C": [
            0.9921144668288076,
            0.12533430311999794,
            -3.199456527363784e-09,
            -7.660155518230252e-09,
            0.0730021010646503,
            -0.5778661145327422,
            -0.8128600972359318,
            2.983454120985967e-08,
            -0.10187925524822909,
            0.8064502911273176,
            -0.5824590445191805,
            1.5811388422470403,
            0.0,
            0.0,
            0.0,
            1.0
        ],
        "img_size": [
            256,
            256
        ]
    }
}