{
    "shape09109_rank08_39.png": {
        "K": [
            274.49688720703125,
            0.0,
            128.0,
            0.0,
            0.0,
            274.49688720703125,
            128.0,
            0.0,
            0.0,
            0.0,
            1.0,
            0.0,
            0.0,
            0.0,
            0.0,
            1.0
        ],
        "W2C": [
            0.7705137363815144,
            -0.6374234178807309,
            3.783197046147667e-10,
            -2.586790295445245e-08,
            -0.3712730402448308,
            -0.4487927030212616,
            -0.8128600950956619,
            1.3427446757639547e-08,
            0.5181360252156133,
            0.6263198295676553,
            -0.5824590475060683,
            1.581138865144223,
            0.0,
            0.0,
            0.0,
            1.0
        ],
        "img_size": [
            256,
            256
        ]
    }
}
