{
    "shape09149_rank00_56.png": {
        "K": [
            274.49688720703125,
            0.0,
            128.0,
            0.0,
            0.0,
            274.49688720703125,
            128.0,
            0.0,
            0.0,
            0.0,
            1.0,
            0.0,
            0.0,
            0.0,
            0.0,
            1.0
        ],
        "W2C": [
            0.9297759695544929,
            0.3681256259170213,
            -1.0021753270858225e-08,
            -3.458914774520987e-10,
            0.21441809760277145,
            -0.5415564682179386,
            -0.8128600902369195,
            2.6600248866915857e-08,
            -0.29923462685108965,
            0.7557777752745645,
            -0.5824590542867638,
            1.5811388467607088,
            0.0,
            0.0,
            0.0,
            1.0
        ],
        "img_size": [
            256,
            256
        ]
    }
}
