{
    "shape09105_rank01_48.png": {
        "K": [
            274.49688720703125,
            0.0,
            128.0,
            0.0,
            0.0,
            274.49688720703125,
            128.0,
            0.0,
            0.0,
            0.0,
            1.0,
            0.0,
            0.0,
            0.0,
            0.0,
            1.0
        ],
        "W2C": [
            0.9921147488521221,
            -0.12533223976006563,
            2.6605209352754557e-09,
            8.282836285733118e-09,
            -0.07300090214701639,
            -0.5778662441235658,
            -0.812860093390969,
            4.114595790383633e-08,
            0.1018775820795651,
            0.8064504719798757,
            -0.5824590498850799,
            1.5811388264612118,
            0.0,
            0.0,
            0.0,
            1.0
        ],
        "img_size": [
            256,
            256
        ]
    }
}
