{
    "shape09115_rank04_74.png": {
        "K": [
            274.49688720703125,
            0.0,
            128.0,
            0.0,
            0.0,
            274.49688720703125,
            128.0,
            0.0,
            0.0,
            0.0,
            1.0,
            0.0,
            0.0,
            0.0,
            0.0,
            1.0
        ],
        "W2C": [
            0.0627891017963973,
            0.9980267872136256,
            6.9551747068945e-10,
            5.298710396202274e-10,
            0.5813097298307267,
            -0.03657207987188642,
            -0.8128601084016805,
            3.9526873501213816e-08,
            -0.8112561673139868,
            0.051038755804426454,
            -0.5824590885412919,
            1.5811389905230797,
            0.0,
            0.0,
            0.0,
            1.0
        ],
        "img_size": [
            256,
            256
        ]
    }
}
