{
    "shape09194_rank04_50.png": {
        "K": [
            274.49688720703125,
            0.0,
            128.0,
            0.0,
            0.0,
            274.49688720703125,
            128.0,
            0.0,
            0.0,
            0.0,
            1.0,
            0.0,
            0.0,
            0.0,
            0.0,
            1.0
        ],
        "W2C": [
            1.0000001192082197,
            1.0410973508541258e-06,
            1.721539708528222e-14,
            3.492060514847439e-14,
            6.063966331390692e-07,
            -0.5824590657673171,
            -0.8128600820100175,
            1.4799605509331615e-08,
            -8.462665021700029e-07,
            0.8128601416137909,
            -0.5824591253726027,
            1.5811390250316173,
            0.0,
            0.0,
            0.0,
            1.0
        ],
        "img_size": [
            256,
            256
        ]
    }
}
