{
    "shape09149_rank00_46.png": {
        "K": [
            274.49688720703125,
            0.0,
            128.0,
            0.0,
            0.0,
            274.49688720703125,
            128.0,
            0.0,
            0.0,
            0.0,
            1.0,
            0.0,
            0.0,
            0.0,
            0.0,
            1.0
        ],
        "W2C": [
            0.9685833278155631,
            -0.24868894725466625,
            6.946144658725492e-09,
            -1.054406611209846e-08,
            -0.1448511392005789,
            -0.5641601625549743,
            -0.8128600821255754,
            1.3508328223585356e-08,
            0.2021493347963565,
            0.7873227284087213,
            -0.58245906560668,
            1.5811388650313474,
            0.0,
            0.0,
            0.0,
            1.0
        ],
        "img_size": [
            256,
            256
        ]
    }
}
